"","text","favorited","favoriteCount","replyToSN","created","truncated","replyToSID","id","replyToUID","statusSource","screenName","retweetCount","isRetweet","retweeted","longitude","latitude"
"1","I just went through hell and back trying to restore my iPhone.",FALSE,0,NA,2015-07-04 12:13:58,FALSE,NA,"617305349595398144",NA,"<a href=""http://itunes.apple.com/us/app/twitter/id409789998?mt=12"" rel=""nofollow"">Twitter for Mac</a>","havieru95",0,FALSE,FALSE,NA,NA
"2","Apple iPhone 5s - 32GB - Silver (Sprint) Smartphone Clean Esn  - Full read by eBay http://t.co/ANEnJqVFEk http://t.co/iw2j9HumoC",FALSE,0,NA,2015-07-04 12:13:58,FALSE,NA,"617305349469667328",NA,"<a href=""http://ifttt.com"" rel=""nofollow"">IFTTT</a>","Laedwi__Huafmi",0,FALSE,FALSE,NA,NA
"3","HD pic Picture Creative Simple NBA Chicago Bulls Michael Jordan Apple Iphone 4S/4 Case Cover Dual Protective P http://t.co/Er3lRyUPOD",FALSE,0,NA,2015-07-04 12:13:58,FALSE,NA,"617305348647571456",NA,"<a href=""http://www.tsepa.net"" rel=""nofollow"">Manou Tweeting</a>","JohnHarrisson1",0,FALSE,FALSE,NA,NA
"4","Natural Black Slash Phone Protector Cover for iPhone 4  http://t.co/3mEhBeiJR3",FALSE,0,NA,2015-07-04 12:13:58,FALSE,NA,"617305346273624064",NA,"<a href=""http://www.squarespace.com"" rel=""nofollow"">Squarespace</a>","ysfgoods",0,FALSE,FALSE,NA,NA
"5","RT @H0TG0SSIP: Latest IPhone 6S Rose Gold Edition Ì†ΩÌ∏çÌ†ΩÌ∏ç

https://t.co/T22PAoj14d",FALSE,0,NA,2015-07-04 12:13:57,FALSE,NA,"617305345388638212",NA,"<a href=""https://about.twitter.com/products/tweetdeck"" rel=""nofollow"">TweetDeck</a>","YourGirlkikiii",192,TRUE,FALSE,NA,NA
"6","2 in 1 fashion cool Cover case for iphone HTC One M9 TPU+PC hard Armor back Case for M9 pr‚Ä¶ http://t.co/MChoGjLrUD http://t.co/etIL2dnpLf",FALSE,0,NA,2015-07-04 12:13:57,FALSE,NA,"617305345380249600",NA,"<a href=""http://ifttt.com"" rel=""nofollow"">IFTTT</a>","Vaahnu__Piurgo",0,FALSE,FALSE,NA,NA
"7","RT @H0TG0SSIP: Latest IPhone 6S Rose Gold Edition Ì†ΩÌ∏çÌ†ΩÌ∏ç

https://t.co/T22PAoj14d",FALSE,0,NA,2015-07-04 12:13:57,FALSE,NA,"617305345380229120",NA,"<a href=""https://about.twitter.com/products/tweetdeck"" rel=""nofollow"">TweetDeck</a>","Yourgirlkikii",192,TRUE,FALSE,NA,NA
"8","RT @H0TG0SSIP: Latest IPhone 6S Rose Gold Edition Ì†ΩÌ∏çÌ†ΩÌ∏ç

https://t.co/T22PAoj14d",FALSE,0,NA,2015-07-04 12:13:57,FALSE,NA,"617305345250185216",NA,"<a href=""https://about.twitter.com/products/tweetdeck"" rel=""nofollow"">TweetDeck</a>","TheRealKingHef",192,TRUE,FALSE,NA,NA
"9","RT @H0TG0SSIP: Latest IPhone 6S Rose Gold Edition Ì†ΩÌ∏çÌ†ΩÌ∏ç

https://t.co/T22PAoj14d",FALSE,0,NA,2015-07-04 12:13:57,FALSE,NA,"617305345250172928",NA,"<a href=""https://about.twitter.com/products/tweetdeck"" rel=""nofollow"">TweetDeck</a>","UniqueOUTBURSTS",192,TRUE,FALSE,NA,NA
"10","RT @H0TG0SSIP: Latest IPhone 6S Rose Gold Edition Ì†ΩÌ∏çÌ†ΩÌ∏ç

https://t.co/T22PAoj14d",FALSE,0,NA,2015-07-04 12:13:57,FALSE,NA,"617305344964997120",NA,"<a href=""https://about.twitter.com/products/tweetdeck"" rel=""nofollow"">TweetDeck</a>","Silly_Roommate",192,TRUE,FALSE,NA,NA
"11","RT @H0TG0SSIP: Latest IPhone 6S Rose Gold Edition Ì†ΩÌ∏çÌ†ΩÌ∏ç

https://t.co/T22PAoj14d",FALSE,0,NA,2015-07-04 12:13:57,FALSE,NA,"617305344956571649",NA,"<a href=""https://about.twitter.com/products/tweetdeck"" rel=""nofollow"">TweetDeck</a>","SkyeBleu_",192,TRUE,FALSE,NA,NA
"12","RT @H0TG0SSIP: Latest IPhone 6S Rose Gold Edition Ì†ΩÌ∏çÌ†ΩÌ∏ç

https://t.co/T22PAoj14d",FALSE,0,NA,2015-07-04 12:13:57,FALSE,NA,"617305344956567552",NA,"<a href=""https://about.twitter.com/products/tweetdeck"" rel=""nofollow"">TweetDeck</a>","Sinistrr",192,TRUE,FALSE,NA,NA
"13","RT @H0TG0SSIP: Latest IPhone 6S Rose Gold Edition Ì†ΩÌ∏çÌ†ΩÌ∏ç

https://t.co/T22PAoj14d",FALSE,0,NA,2015-07-04 12:13:57,FALSE,NA,"617305344952418305",NA,"<a href=""https://about.twitter.com/products/tweetdeck"" rel=""nofollow"">TweetDeck</a>","Svperbx",192,TRUE,FALSE,NA,NA
"14","RT @H0TG0SSIP: Latest IPhone 6S Rose Gold Edition Ì†ΩÌ∏çÌ†ΩÌ∏ç

https://t.co/T22PAoj14d",FALSE,0,NA,2015-07-04 12:13:57,FALSE,NA,"617305344943984640",NA,"<a href=""https://about.twitter.com/products/tweetdeck"" rel=""nofollow"">TweetDeck</a>","SwaggerificVibe",192,TRUE,FALSE,NA,NA
"15","RT @H0TG0SSIP: Latest IPhone 6S Rose Gold Edition Ì†ΩÌ∏çÌ†ΩÌ∏ç

https://t.co/T22PAoj14d",FALSE,0,NA,2015-07-04 12:13:57,FALSE,NA,"617305344897781760",NA,"<a href=""https://about.twitter.com/products/tweetdeck"" rel=""nofollow"">TweetDeck</a>","Lesbii__Honest",192,TRUE,FALSE,NA,NA
"16","RT @H0TG0SSIP: Latest IPhone 6S Rose Gold Edition Ì†ΩÌ∏çÌ†ΩÌ∏ç

https://t.co/T22PAoj14d",FALSE,0,NA,2015-07-04 12:13:57,FALSE,NA,"617305344847552512",NA,"<a href=""https://about.twitter.com/products/tweetdeck"" rel=""nofollow"">TweetDeck</a>","sexyladiecuties",192,TRUE,FALSE,NA,NA
"17","RT @H0TG0SSIP: Latest IPhone 6S Rose Gold Edition Ì†ΩÌ∏çÌ†ΩÌ∏ç

https://t.co/T22PAoj14d",FALSE,0,NA,2015-07-04 12:13:57,FALSE,NA,"617305344843321344",NA,"<a href=""https://about.twitter.com/products/tweetdeck"" rel=""nofollow"">TweetDeck</a>","richboyric",192,TRUE,FALSE,NA,NA
"18","RT @H0TG0SSIP: Latest IPhone 6S Rose Gold Edition Ì†ΩÌ∏çÌ†ΩÌ∏ç

https://t.co/T22PAoj14d",FALSE,0,NA,2015-07-04 12:13:57,FALSE,NA,"617305344834977792",NA,"<a href=""https://about.twitter.com/products/tweetdeck"" rel=""nofollow"">TweetDeck</a>","Privjacquees",192,TRUE,FALSE,NA,NA
"19","RT @H0TG0SSIP: Latest IPhone 6S Rose Gold Edition Ì†ΩÌ∏çÌ†ΩÌ∏ç

https://t.co/T22PAoj14d",FALSE,0,NA,2015-07-04 12:13:57,FALSE,NA,"617305344830738432",NA,"<a href=""https://about.twitter.com/products/tweetdeck"" rel=""nofollow"">TweetDeck</a>","RelatableVibes_",192,TRUE,FALSE,NA,NA
"20","RT @H0TG0SSIP: Latest IPhone 6S Rose Gold Edition Ì†ΩÌ∏çÌ†ΩÌ∏ç

https://t.co/T22PAoj14d",FALSE,0,NA,2015-07-04 12:13:57,FALSE,NA,"617305344805572609",NA,"<a href=""https://about.twitter.com/products/tweetdeck"" rel=""nofollow"">TweetDeck</a>","NoTrustZone_",192,TRUE,FALSE,NA,NA
"21","RT @H0TG0SSIP: Latest IPhone 6S Rose Gold Edition Ì†ΩÌ∏çÌ†ΩÌ∏ç

https://t.co/T22PAoj14d",FALSE,0,NA,2015-07-04 12:13:57,FALSE,NA,"617305344801435649",NA,"<a href=""https://about.twitter.com/products/tweetdeck"" rel=""nofollow"">TweetDeck</a>","NiallOfficiaIr",192,TRUE,FALSE,NA,NA
"22","RT @H0TG0SSIP: Latest IPhone 6S Rose Gold Edition Ì†ΩÌ∏çÌ†ΩÌ∏ç

https://t.co/T22PAoj14d",FALSE,0,NA,2015-07-04 12:13:57,FALSE,NA,"617305344780435456",NA,"<a href=""https://about.twitter.com/products/tweetdeck"" rel=""nofollow"">TweetDeck</a>","mkingasaurous",192,TRUE,FALSE,NA,NA
"23","RT @H0TG0SSIP: Latest IPhone 6S Rose Gold Edition Ì†ΩÌ∏çÌ†ΩÌ∏ç

https://t.co/T22PAoj14d",FALSE,0,NA,2015-07-04 12:13:57,FALSE,NA,"617305344780423168",NA,"<a href=""https://about.twitter.com/products/tweetdeck"" rel=""nofollow"">TweetDeck</a>","kattykatttt",192,TRUE,FALSE,NA,NA
"24","RT @H0TG0SSIP: Latest IPhone 6S Rose Gold Edition Ì†ΩÌ∏çÌ†ΩÌ∏ç

https://t.co/T22PAoj14d",FALSE,0,NA,2015-07-04 12:13:57,FALSE,NA,"617305344734294016",NA,"<a href=""https://about.twitter.com/products/tweetdeck"" rel=""nofollow"">TweetDeck</a>","LoudDrugss",192,TRUE,FALSE,NA,NA
"25","RT @H0TG0SSIP: Latest IPhone 6S Rose Gold Edition Ì†ΩÌ∏çÌ†ΩÌ∏ç

https://t.co/T22PAoj14d",FALSE,0,NA,2015-07-04 12:13:57,FALSE,NA,"617305344729976832",NA,"<a href=""https://about.twitter.com/products/tweetdeck"" rel=""nofollow"">TweetDeck</a>","drxgflix",192,TRUE,FALSE,NA,NA
"26","RT @H0TG0SSIP: Latest IPhone 6S Rose Gold Edition Ì†ΩÌ∏çÌ†ΩÌ∏ç

https://t.co/T22PAoj14d",FALSE,0,NA,2015-07-04 12:13:57,FALSE,NA,"617305344692326400",NA,"<a href=""https://about.twitter.com/products/tweetdeck"" rel=""nofollow"">TweetDeck</a>","KkimX0",192,TRUE,FALSE,NA,NA
"27","RT @H0TG0SSIP: Latest IPhone 6S Rose Gold Edition Ì†ΩÌ∏çÌ†ΩÌ∏ç

https://t.co/T22PAoj14d",FALSE,0,NA,2015-07-04 12:13:57,FALSE,NA,"617305344667164672",NA,"<a href=""https://about.twitter.com/products/tweetdeck"" rel=""nofollow"">TweetDeck</a>","ImActuallyNATE",192,TRUE,FALSE,NA,NA
"28","RT @H0TG0SSIP: Latest IPhone 6S Rose Gold Edition Ì†ΩÌ∏çÌ†ΩÌ∏ç

https://t.co/T22PAoj14d",FALSE,0,NA,2015-07-04 12:13:57,FALSE,NA,"617305344658812928",NA,"<a href=""https://about.twitter.com/products/tweetdeck"" rel=""nofollow"">TweetDeck</a>","ISmileBright_",192,TRUE,FALSE,NA,NA
"29","RT @H0TG0SSIP: Latest IPhone 6S Rose Gold Edition Ì†ΩÌ∏çÌ†ΩÌ∏ç

https://t.co/T22PAoj14d",FALSE,0,NA,2015-07-04 12:13:57,FALSE,NA,"617305344650407936",NA,"<a href=""https://about.twitter.com/products/tweetdeck"" rel=""nofollow"">TweetDeck</a>","KidRaw313",192,TRUE,FALSE,NA,NA
"30","RT @H0TG0SSIP: Latest IPhone 6S Rose Gold Edition Ì†ΩÌ∏çÌ†ΩÌ∏ç

https://t.co/T22PAoj14d",FALSE,0,NA,2015-07-04 12:13:57,FALSE,NA,"617305344646082560",NA,"<a href=""https://about.twitter.com/products/tweetdeck"" rel=""nofollow"">TweetDeck</a>","Blazedtho",192,TRUE,FALSE,NA,NA
"31","RT @H0TG0SSIP: Latest IPhone 6S Rose Gold Edition Ì†ΩÌ∏çÌ†ΩÌ∏ç

https://t.co/T22PAoj14d",FALSE,0,NA,2015-07-04 12:13:57,FALSE,NA,"617305344574947328",NA,"<a href=""https://about.twitter.com/products/tweetdeck"" rel=""nofollow"">TweetDeck</a>","freshdopex",192,TRUE,FALSE,NA,NA
"32","RT @H0TG0SSIP: Latest IPhone 6S Rose Gold Edition Ì†ΩÌ∏çÌ†ΩÌ∏ç

https://t.co/T22PAoj14d",FALSE,0,NA,2015-07-04 12:13:57,FALSE,NA,"617305344574926852",NA,"<a href=""https://about.twitter.com/products/tweetdeck"" rel=""nofollow"">TweetDeck</a>","haveonerolled",192,TRUE,FALSE,NA,NA
"33","RT @H0TG0SSIP: Latest IPhone 6S Rose Gold Edition Ì†ΩÌ∏çÌ†ΩÌ∏ç

https://t.co/T22PAoj14d",FALSE,0,NA,2015-07-04 12:13:57,FALSE,NA,"617305344570695683",NA,"<a href=""https://about.twitter.com/products/tweetdeck"" rel=""nofollow"">TweetDeck</a>","Flxcco",192,TRUE,FALSE,NA,NA
"34","RT @H0TG0SSIP: Latest IPhone 6S Rose Gold Edition Ì†ΩÌ∏çÌ†ΩÌ∏ç

https://t.co/T22PAoj14d",FALSE,0,NA,2015-07-04 12:13:57,FALSE,NA,"617305344537174016",NA,"<a href=""https://about.twitter.com/products/tweetdeck"" rel=""nofollow"">TweetDeck</a>","EvanGamingYT",192,TRUE,FALSE,NA,NA
"35","RT @H0TG0SSIP: Latest IPhone 6S Rose Gold Edition Ì†ΩÌ∏çÌ†ΩÌ∏ç

https://t.co/T22PAoj14d",FALSE,0,NA,2015-07-04 12:13:57,FALSE,NA,"617305344532971520",NA,"<a href=""https://about.twitter.com/products/tweetdeck"" rel=""nofollow"">TweetDeck</a>","DeadStoccFredo",192,TRUE,FALSE,NA,NA
"36","RT @H0TG0SSIP: Latest IPhone 6S Rose Gold Edition Ì†ΩÌ∏çÌ†ΩÌ∏ç

https://t.co/T22PAoj14d",FALSE,0,NA,2015-07-04 12:13:57,FALSE,NA,"617305344524554241",NA,"<a href=""https://about.twitter.com/products/tweetdeck"" rel=""nofollow"">TweetDeck</a>","EsotericIity",192,TRUE,FALSE,NA,NA
"37","RT @H0TG0SSIP: Latest IPhone 6S Rose Gold Edition Ì†ΩÌ∏çÌ†ΩÌ∏ç

https://t.co/T22PAoj14d",FALSE,0,NA,2015-07-04 12:13:57,FALSE,NA,"617305344499425280",NA,"<a href=""https://about.twitter.com/products/tweetdeck"" rel=""nofollow"">TweetDeck</a>","Dark_Beauty___",192,TRUE,FALSE,NA,NA
"38","RT @H0TG0SSIP: Latest IPhone 6S Rose Gold Edition Ì†ΩÌ∏çÌ†ΩÌ∏ç

https://t.co/T22PAoj14d",FALSE,0,NA,2015-07-04 12:13:57,FALSE,NA,"617305344436514816",NA,"<a href=""https://about.twitter.com/products/tweetdeck"" rel=""nofollow"">TweetDeck</a>","daddytraps",192,TRUE,FALSE,NA,NA
"39","RT @H0TG0SSIP: Latest IPhone 6S Rose Gold Edition Ì†ΩÌ∏çÌ†ΩÌ∏ç

https://t.co/T22PAoj14d",FALSE,0,NA,2015-07-04 12:13:57,FALSE,NA,"617305344436477952",NA,"<a href=""https://about.twitter.com/products/tweetdeck"" rel=""nofollow"">TweetDeck</a>","DamnFlirty",192,TRUE,FALSE,NA,NA
"40","RT @H0TG0SSIP: Latest IPhone 6S Rose Gold Edition Ì†ΩÌ∏çÌ†ΩÌ∏ç

https://t.co/T22PAoj14d",FALSE,0,NA,2015-07-04 12:13:57,FALSE,NA,"617305344419721216",NA,"<a href=""https://about.twitter.com/products/tweetdeck"" rel=""nofollow"">TweetDeck</a>","C00lestLame",192,TRUE,FALSE,NA,NA
"41","RT @H0TG0SSIP: Latest IPhone 6S Rose Gold Edition Ì†ΩÌ∏çÌ†ΩÌ∏ç

https://t.co/T22PAoj14d",FALSE,0,NA,2015-07-04 12:13:57,FALSE,NA,"617305344411353089",NA,"<a href=""https://about.twitter.com/products/tweetdeck"" rel=""nofollow"">TweetDeck</a>","Bubz_122",192,TRUE,FALSE,NA,NA
"42","RT @H0TG0SSIP: Latest IPhone 6S Rose Gold Edition Ì†ΩÌ∏çÌ†ΩÌ∏ç

https://t.co/T22PAoj14d",FALSE,0,NA,2015-07-04 12:13:57,FALSE,NA,"617305344407175169",NA,"<a href=""https://about.twitter.com/products/tweetdeck"" rel=""nofollow"">TweetDeck</a>","ChildishChad",192,TRUE,FALSE,NA,NA
"43","RT @H0TG0SSIP: Latest IPhone 6S Rose Gold Edition Ì†ΩÌ∏çÌ†ΩÌ∏ç

https://t.co/T22PAoj14d",FALSE,0,NA,2015-07-04 12:13:57,FALSE,NA,"617305344398782466",NA,"<a href=""https://about.twitter.com/products/tweetdeck"" rel=""nofollow"">TweetDeck</a>","Blac_Haw",192,TRUE,FALSE,NA,NA
"44","RT @H0TG0SSIP: Latest IPhone 6S Rose Gold Edition Ì†ΩÌ∏çÌ†ΩÌ∏ç

https://t.co/T22PAoj14d",FALSE,0,NA,2015-07-04 12:13:57,FALSE,NA,"617305344092545024",NA,"<a href=""https://about.twitter.com/products/tweetdeck"" rel=""nofollow"">TweetDeck</a>","AdoreMinne",192,TRUE,FALSE,NA,NA
"45","RT @H0TG0SSIP: Latest IPhone 6S Rose Gold Edition Ì†ΩÌ∏çÌ†ΩÌ∏ç

https://t.co/T22PAoj14d",FALSE,0,NA,2015-07-04 12:13:57,FALSE,NA,"617305344088371200",NA,"<a href=""https://about.twitter.com/products/tweetdeck"" rel=""nofollow"">TweetDeck</a>","Asinyamo",192,TRUE,FALSE,NA,NA
"46","RT @H0TG0SSIP: Latest IPhone 6S Rose Gold Edition Ì†ΩÌ∏çÌ†ΩÌ∏ç

https://t.co/T22PAoj14d",FALSE,0,NA,2015-07-04 12:13:57,FALSE,NA,"617305344075763712",NA,"<a href=""https://about.twitter.com/products/tweetdeck"" rel=""nofollow"">TweetDeck</a>","_theugly1_",192,TRUE,FALSE,NA,NA
"47","Double USB Port Micro Car Charger 4 IPhone 6 5G 5 4S Galaxy S4 S5 NOTE 4 1A 2.1A http://t.co/8Oso8gXpY3 http://t.co/kf66IFvPaB",FALSE,0,NA,2015-07-04 12:13:57,FALSE,NA,"617305342439989248",NA,"<a href=""http://ifttt.com"" rel=""nofollow"">IFTTT</a>","macabeosanfeliz",0,FALSE,FALSE,NA,NA
"48","Apple iPhone 5s - 64GB - Space Gray (Verizon) Smartphone - UNLOCKED! - Full read by eBay http://t.co/3rKdzpn5lw http://t.co/6mKqErZZwz",FALSE,0,NA,2015-07-04 12:13:57,FALSE,NA,"617305341622140928",NA,"<a href=""http://ifttt.com"" rel=""nofollow"">IFTTT</a>","Laedwi__Huafmi",0,FALSE,FALSE,NA,NA
"49","5Pcs of Premium HD Crystal Clear LCD Screen Protector film for iPhone 4 4S With Retail Pac‚Ä¶ http://t.co/LPcVKET7wW http://t.co/dgi4iF9Zc2",FALSE,0,NA,2015-07-04 12:13:55,FALSE,NA,"617305336538640384",NA,"<a href=""http://ifttt.com"" rel=""nofollow"">IFTTT</a>","Roipka__Qoilge",0,FALSE,FALSE,NA,NA
"50","RT @TeensProAdvice: iPhone 7 Ì†ΩÌ∏± http://t.co/prnxRfaoAc",FALSE,0,NA,2015-07-04 12:13:55,FALSE,NA,"617305335490084864",NA,"<a href=""http://twitter.com/download/iphone"" rel=""nofollow"">Twitter for iPhone</a>","Kevinballin943",11211,TRUE,FALSE,NA,NA
"51","RT @sobore: Photo of the signing of the Declaration of Independence, taken from John Hancock's iPhone. http://t.co/qXZM5EWd9o",FALSE,0,NA,2015-07-04 12:13:55,FALSE,NA,"617305334122725377",NA,"<a href=""http://twitter.com/download/android"" rel=""nofollow"">Twitter for Android</a>","blaublut42",9,TRUE,FALSE,NA,NA
"52","Apple iPhone 5c - 16GB - White - Full read by eBay http://t.co/qgsdH4Wcld http://t.co/JfNGARevNO",FALSE,0,NA,2015-07-04 12:13:55,FALSE,NA,"617305333866831872",NA,"<a href=""http://ifttt.com"" rel=""nofollow"">IFTTT</a>","koismi",0,FALSE,FALSE,NA,NA
"53","@felixdawbrown your welcome Ì†ΩÌ∏â and my iPhone 6 Ì†ΩÌ≥± yours?",FALSE,0,"felixdawbrown",2015-07-04 12:13:55,FALSE,"617298838588641280","617305333778792448","3329672291","<a href=""http://twitter.com/download/android"" rel=""nofollow"">Twitter for Android</a>","fcbarcanjrbras",0,FALSE,FALSE,NA,NA
"54","5Pcs of Premium HD Crystal Clear LCD Screen Protector film for iPhone 4 4S With Retail Pac‚Ä¶ http://t.co/jH6mBiDrju http://t.co/F0OfKAEafR",FALSE,0,NA,2015-07-04 12:13:54,FALSE,NA,"617305332449169408",NA,"<a href=""http://ifttt.com"" rel=""nofollow"">IFTTT</a>","Mauwce__Guabde",0,FALSE,FALSE,NA,NA
"55","Apple iPhone 5s - 32GB - Silver (Sprint) Smartphone Clean Esn  - Full read by eBay http://t.co/TPE9cJ2RWH http://t.co/qmz28Hk4QX",FALSE,0,NA,2015-07-04 12:13:54,FALSE,NA,"617305332092698624",NA,"<a href=""http://ifttt.com"" rel=""nofollow"">IFTTT</a>","Geuxmu__Keexja",0,FALSE,FALSE,NA,NA
"56","Apple iPhone 5s - 16GB - Silver (AT&amp;T) Smartphone - Full read by eBay http://t.co/WIEl1nSdbp http://t.co/etX1keqEtO",FALSE,0,NA,2015-07-04 12:13:54,FALSE,NA,"617305330159108096",NA,"<a href=""http://ifttt.com"" rel=""nofollow"">IFTTT</a>","koismi",0,FALSE,FALSE,NA,NA
"57","Apple iPhone 5c - 16GB - White - Full read by eBay http://t.co/qgsdH4Wcld http://t.co/1PgsgiUZSv",FALSE,0,NA,2015-07-04 12:13:54,FALSE,NA,"617305329014042624",NA,"<a href=""http://ifttt.com"" rel=""nofollow"">IFTTT</a>","koismi",0,FALSE,FALSE,NA,NA
"58","Apple iPhone 5s - 32GB - Space Gray (AT&amp;T) Smartphone (unlocked) - Full read by eBay http://t.co/f0fXOFQlhU http://t.co/1zagVteIwz",FALSE,0,NA,2015-07-04 12:13:53,FALSE,NA,"617305328347168769",NA,"<a href=""http://ifttt.com"" rel=""nofollow"">IFTTT</a>","koismi",0,FALSE,FALSE,NA,NA
"59","Apple iPhone 5s - 64GB - Space Gray (Verizon) Smartphone - UNLOCKED! - Full read by eBay http://t.co/dCkPXiCKQf http://t.co/QRqNlDR75E",FALSE,0,NA,2015-07-04 12:13:53,FALSE,NA,"617305328326168576",NA,"<a href=""http://ifttt.com"" rel=""nofollow"">IFTTT</a>","Geuxmu__Keexja",0,FALSE,FALSE,NA,NA
"60","5Pcs of Premium HD Crystal Clear LCD Screen Protector film for iPhone 4 4S With Retail Pac‚Ä¶ http://t.co/59QemPnrd2 http://t.co/QdXMWx24Ta",FALSE,0,NA,2015-07-04 12:13:53,FALSE,NA,"617305328120647680",NA,"<a href=""http://ifttt.com"" rel=""nofollow"">IFTTT</a>","Raakyo__Poefho",0,FALSE,FALSE,NA,NA
"61","Apple iPhone 5s - 16GB - Silver (AT&amp;T) Smartphone - Full read by eBay http://t.co/WIEl1nSdbp http://t.co/RIbY1wPxsV",FALSE,0,NA,2015-07-04 12:13:53,FALSE,NA,"617305325356601344",NA,"<a href=""http://ifttt.com"" rel=""nofollow"">IFTTT</a>","koismi",0,FALSE,FALSE,NA,NA
"62","Apple iPhone 5s - 32GB - Space Gray (AT&amp;T) Smartphone (unlocked) - Full read by eBay http://t.co/f0fXOFQlhU http://t.co/BJeHfuiTfJ",FALSE,0,NA,2015-07-04 12:13:52,FALSE,NA,"617305323666325504",NA,"<a href=""http://ifttt.com"" rel=""nofollow"">IFTTT</a>","koismi",0,FALSE,FALSE,NA,NA
"63","Apple plans to unveil ""iPhone 6 S"" in the September 8 http://t.co/2hUrG6hcFm",FALSE,0,NA,2015-07-04 12:13:52,FALSE,NA,"617305322613420032",NA,"<a href=""http://winthecustomer.com/"" rel=""nofollow"">Win the Customer</a>","NoorQ98",0,FALSE,FALSE,NA,NA
"64","We celebrate today the country that invented jazz, internet, the iPhone, the first plane and discovered insulin. Happy 4th of July !!",FALSE,0,NA,2015-07-04 12:13:52,FALSE,NA,"617305322408017920",NA,"<a href=""http://twitter.com/download/iphone"" rel=""nofollow"">Twitter for iPhone</a>","rabataller",0,FALSE,FALSE,NA,NA
"65","5Pcs of Premium HD Crystal Clear LCD Screen Protector film for iPhone 4 4S With Retail Pac‚Ä¶ http://t.co/oWYJmo0f02 http://t.co/YIVHxWsvLv",FALSE,0,NA,2015-07-04 12:13:52,FALSE,NA,"617305320734461952",NA,"<a href=""http://ifttt.com"" rel=""nofollow"">IFTTT</a>","Daiwvi__Gounku",0,FALSE,FALSE,NA,NA
"66","RT @TeensProAdvice: iPhone 7 Ì†ΩÌ∏± http://t.co/prnxRfaoAc",FALSE,0,NA,2015-07-04 12:13:51,FALSE,NA,"617305317030932480",NA,"<a href=""http://twitter.com/download/iphone"" rel=""nofollow"">Twitter for iPhone</a>","vdjbispwndrp",11211,TRUE,FALSE,NA,NA
"67","5Pcs of Premium HD Crystal Clear LCD Screen Protector film for iPhone 4 4S With Retail Pac‚Ä¶ http://t.co/IVWQdVhm13 http://t.co/bnpMGFsUf7",FALSE,0,NA,2015-07-04 12:13:51,FALSE,NA,"617305316234010624",NA,"<a href=""http://ifttt.com"" rel=""nofollow"">IFTTT</a>","Bauqqe__Wiilca",0,FALSE,FALSE,NA,NA
"68","Funny Tmnt Teenage Mutant Ninja Turtles Polycarbonate Custom iPhone 5S/5 Case Cover - Black http://t.co/xgJOkHRNJO",FALSE,0,NA,2015-07-04 12:13:50,FALSE,NA,"617305314392711168",NA,"<a href=""http://www.tsepa.net"" rel=""nofollow"">Manou Tweeting</a>","SylvainGrigsby",0,FALSE,FALSE,NA,NA
"69","Double USB Port Micro Car Charger 4 IPhone 6 5G 5 4S Galaxy S4 S5 NOTE 4 1A 2.1A http://t.co/iZxIb9cCEb http://t.co/cvMrzLtfk4",FALSE,0,NA,2015-07-04 12:13:49,FALSE,NA,"617305310693298176",NA,"<a href=""http://ifttt.com"" rel=""nofollow"">IFTTT</a>","lujambioramon",0,FALSE,FALSE,NA,NA
"70","HOT DEALS : http://t.co/gSLXN9IEvt For iphone 6 Wallet case Plus 4.7""/5.5"" Luxury Leather Stand Flip Card Cover

‚Ä¶ http://t.co/DYNQR5sL73",FALSE,0,NA,2015-07-04 12:13:49,FALSE,NA,"617305310307483648",NA,"<a href=""http://ifttt.com"" rel=""nofollow"">IFTTT</a>","DelicyKism",0,FALSE,FALSE,NA,NA
"71","I'm now a C-List celebrity in Kim Kardashian: Hollywood. You can be famous too by playing on iPhone!  http://t.co/7jGccx0L8q",FALSE,0,NA,2015-07-04 12:13:49,FALSE,NA,"617305307782496256",NA,"<a href=""http://www.apple.com"" rel=""nofollow"">iOS</a>","UdouwakweUwakwe",0,FALSE,FALSE,NA,NA
"72","My Mum has got an iPhone and has discovered FaceTime. #hooray",FALSE,0,NA,2015-07-04 12:13:48,FALSE,NA,"617305305265737728",NA,"<a href=""http://twitter.com"" rel=""nofollow"">Twitter Web Client</a>","secraney",0,FALSE,FALSE,NA,NA
"73","RT @gima2327: iPhone App iFunFace Pro - Create Funny HD Videos From Photos,... http://t.co/I3OwDSP9wl http://t.co/eLAbZxmmg6",FALSE,0,NA,2015-07-04 12:13:48,FALSE,NA,"617305305035096064",NA,"<a href=""http://dlvr.it"" rel=""nofollow"">dlvr.it</a>","elenareallopez",10,TRUE,FALSE,NA,NA
"74","RT @free24apps: iPhone App  http://t.co/08yTG57cr7 Keyboard Stylish - More Theme For Your Keyboard Utilities $0.00 -&gt; Free | #iPhone‚Ä¶ http:‚Ä¶",FALSE,0,NA,2015-07-04 12:13:47,FALSE,NA,"617305303374278656",NA,"<a href=""http://dlvr.it"" rel=""nofollow"">dlvr.it</a>","todori3",17,TRUE,FALSE,NA,NA
"75","RT @GunsUpdate: Gun iPhone case is ‚Äònot a cool product or a good idea,‚Äô says prosecutor‚Äôs office http://t.co/2gciCzQJUI http://t.co/TpnyBY4‚Ä¶",FALSE,0,NA,2015-07-04 12:13:47,FALSE,NA,"617305302656921600",NA,"<a href=""https://twitter.com/download/android"" rel=""nofollow"">Twitter for Android Tablets</a>","JamesRiley2",1,TRUE,FALSE,NA,NA
"76","RT @free24apps: iPhone App  http://t.co/08yTG57cr7 Keyboard Stylish - More Theme For Your Keyboard Utilities $0.00 -&gt; Free | #iPhone‚Ä¶ http:‚Ä¶",FALSE,0,NA,2015-07-04 12:13:47,FALSE,NA,"617305302010966016",NA,"<a href=""http://dlvr.it"" rel=""nofollow"">dlvr.it</a>","smiling_ly",17,TRUE,FALSE,NA,NA
"77","A few shots from earlier! ( bad quality as concerted them to iPhone ) http://t.co/hK5jTDeiYC",FALSE,0,NA,2015-07-04 12:13:46,FALSE,NA,"617305297649037312",NA,"<a href=""http://twitter.com/download/iphone"" rel=""nofollow"">Twitter for iPhone</a>","DesignedByExceL",0,FALSE,FALSE,NA,NA
"78","RT @HyperLukeDimple: @Josh_Gray97 @DeanoG1234 what did you do without that iphone Ì†ΩÌ≤î",FALSE,0,NA,2015-07-04 12:13:46,FALSE,NA,"617305297011503104",NA,"<a href=""http://twitter.com"" rel=""nofollow"">Twitter Web Client</a>","ViJo28",1,TRUE,FALSE,NA,NA
"79","Double USB Port Micro Car Charger 4 IPhone 6 5G 5 4S Galaxy S4 S5 NOTE 4 1A 2.1A http://t.co/hOrGwmIuQo http://t.co/PGIVm3CttF",FALSE,0,NA,2015-07-04 12:13:45,FALSE,NA,"617305294754988032",NA,"<a href=""http://ifttt.com"" rel=""nofollow"">IFTTT</a>","italomiguelez",0,FALSE,FALSE,NA,NA
"80","Double USB Port Micro Car Charger 4 IPhone 6 5G 5 4S Galaxy S4 S5 NOTE 4 1A 2.1A http://t.co/7Fg6cD36Ok http://t.co/4eHrDZYbbd",FALSE,0,NA,2015-07-04 12:13:45,FALSE,NA,"617305294595588096",NA,"<a href=""http://ifttt.com"" rel=""nofollow"">IFTTT</a>","auction_grand",0,FALSE,FALSE,NA,NA
"81","HOT DEALS : http://t.co/zYdqqHyIA7 Waterproof Durable Shockproof Cover Skin Case For iPhone 6 6 Plus 4.7"" 5.5"" Ne‚Ä¶ http://t.co/FbyPnTv8CT",FALSE,0,NA,2015-07-04 12:13:45,FALSE,NA,"617305294029373440",NA,"<a href=""http://ifttt.com"" rel=""nofollow"">IFTTT</a>","DelicyKism",0,FALSE,FALSE,NA,NA
"82","RT @free24apps: iPhone App  http://t.co/AteKZN0t0q ACDSee Photo $0.00 -&gt; Free | #iPhone #App #iOS #free #limitedtime http://t.co/SgykSwqeKh",FALSE,0,NA,2015-07-04 12:13:45,FALSE,NA,"617305293853069312",NA,"<a href=""http://dlvr.it"" rel=""nofollow"">dlvr.it</a>","lutzce",7,TRUE,FALSE,NA,NA
"83","RT @gima2327: iPhone App iFunFace Pro - Create Funny HD Videos From Photos,... http://t.co/I3OwDSP9wl http://t.co/eLAbZxmmg6",FALSE,0,NA,2015-07-04 12:13:45,FALSE,NA,"617305293064552448",NA,"<a href=""http://dlvr.it"" rel=""nofollow"">dlvr.it</a>","nodangs",10,TRUE,FALSE,NA,NA
"84","RT @free24apps: iPhone App  http://t.co/AteKZN0t0q ACDSee Photo $0.00 -&gt; Free | #iPhone #App #iOS #free #limitedtime http://t.co/SgykSwqeKh",FALSE,0,NA,2015-07-04 12:13:45,FALSE,NA,"617305292628307968",NA,"<a href=""http://dlvr.it"" rel=""nofollow"">dlvr.it</a>","MooDeann",7,TRUE,FALSE,NA,NA
"85","RT @free24apps: iPhone App  http://t.co/AteKZN0t0q ACDSee Photo $0.00 -&gt; Free | #iPhone #App #iOS #free #limitedtime http://t.co/SgykSwqeKh",FALSE,0,NA,2015-07-04 12:13:44,FALSE,NA,"617305287175700480",NA,"<a href=""http://dlvr.it"" rel=""nofollow"">dlvr.it</a>","saburlove",7,TRUE,FALSE,NA,NA
"86","RT @cstaufferLNP: Police are looking for this woman in connection with an #iPhone theft. Do you know her? http://t.co/slkgdvq7b1 http://t.c‚Ä¶",FALSE,0,NA,2015-07-04 12:13:43,FALSE,NA,"617305285489590272",NA,"<a href=""http://twitter.com/download/android"" rel=""nofollow"">Twitter for Android</a>","PaAlertsSC",1,TRUE,FALSE,NA,NA
"87","RT @free24apps: iPhone App  http://t.co/08yTG57cr7 Keyboard Stylish - More Theme For Your Keyboard Utilities $0.00 -&gt; Free | #iPhone‚Ä¶ http:‚Ä¶",FALSE,0,NA,2015-07-04 12:13:42,FALSE,NA,"617305279017783296",NA,"<a href=""http://dlvr.it"" rel=""nofollow"">dlvr.it</a>","lovegunaheart",17,TRUE,FALSE,NA,NA
"88","RT @free24apps: iPhone App  http://t.co/08yTG57cr7 Keyboard Stylish - More Theme For Your Keyboard Utilities $0.00 -&gt; Free | #iPhone‚Ä¶ http:‚Ä¶",FALSE,0,NA,2015-07-04 12:13:41,FALSE,NA,"617305277977661440",NA,"<a href=""http://dlvr.it"" rel=""nofollow"">dlvr.it</a>","shishava",17,TRUE,FALSE,NA,NA
"89","I'm now an A-List celebrity in Kim Kardashian: Hollywood. You can be famous too by playing on iPhone!  http://t.co/02spW7Duud",FALSE,0,NA,2015-07-04 12:13:41,FALSE,NA,"617305277214240769",NA,"<a href=""http://www.apple.com"" rel=""nofollow"">iOS</a>","daniela_bass44",0,FALSE,FALSE,NA,NA
"90","@lauradawson6 
please sister this is my request. once call me this is my number +919676876233. iam suffering delete your account in iphone",FALSE,0,"lauradawson6",2015-07-04 12:13:41,FALSE,NA,"617305276849373184","380329917","<a href=""http://twitter.com"" rel=""nofollow"">Twitter Web Client</a>","chowdareashok1",0,FALSE,FALSE,NA,NA
"91","RT @free24apps: iPhone App  http://t.co/AteKZN0t0q ACDSee Photo $0.00 -&gt; Free | #iPhone #App #iOS #free #limitedtime http://t.co/SgykSwqeKh",FALSE,0,NA,2015-07-04 12:13:41,FALSE,NA,"617305275821764609",NA,"<a href=""http://dlvr.it"" rel=""nofollow"">dlvr.it</a>","kuchikiwa",7,TRUE,FALSE,NA,NA
"92","RT @free24apps: iPhone App  http://t.co/AteKZN0t0q ACDSee Photo $0.00 -&gt; Free | #iPhone #App #iOS #free #limitedtime http://t.co/SgykSwqeKh",FALSE,0,NA,2015-07-04 12:13:40,FALSE,NA,"617305273871433728",NA,"<a href=""http://dlvr.it"" rel=""nofollow"">dlvr.it</a>","alba23fr",7,TRUE,FALSE,NA,NA
"93","RT @yxngflackoo: iPhone 7 Ì†ΩÌ∏±Ì†ΩÌ∏ß http://t.co/xiBGwqslWr",FALSE,0,NA,2015-07-04 12:13:40,FALSE,NA,"617305272806150145",NA,"<a href=""http://twitter.com/download/iphone"" rel=""nofollow"">Twitter for iPhone</a>","KatreviaGoodwin",37357,TRUE,FALSE,NA,NA
"94","RT @H0TG0SSIP: Latest IPhone 6S Rose Gold Edition Ì†ΩÌ∏çÌ†ΩÌ∏ç

https://t.co/T22PAoj14d",FALSE,0,NA,2015-07-04 12:13:40,FALSE,NA,"617305270985838592",NA,"<a href=""https://about.twitter.com/products/tweetdeck"" rel=""nofollow"">TweetDeck</a>","vibeinfluence",192,TRUE,FALSE,NA,NA
"95","RT @H0TG0SSIP: Latest IPhone 6S Rose Gold Edition Ì†ΩÌ∏çÌ†ΩÌ∏ç

https://t.co/T22PAoj14d",FALSE,0,NA,2015-07-04 12:13:40,FALSE,NA,"617305270977495040",NA,"<a href=""https://about.twitter.com/products/tweetdeck"" rel=""nofollow"">TweetDeck</a>","Vibellus",192,TRUE,FALSE,NA,NA
"96","RT @H0TG0SSIP: Latest IPhone 6S Rose Gold Edition Ì†ΩÌ∏çÌ†ΩÌ∏ç

https://t.co/T22PAoj14d",FALSE,0,NA,2015-07-04 12:13:40,FALSE,NA,"617305270977437696",NA,"<a href=""https://about.twitter.com/products/tweetdeck"" rel=""nofollow"">TweetDeck</a>","Woodss_63",192,TRUE,FALSE,NA,NA
"97","RT @H0TG0SSIP: Latest IPhone 6S Rose Gold Edition Ì†ΩÌ∏çÌ†ΩÌ∏ç

https://t.co/T22PAoj14d",FALSE,0,NA,2015-07-04 12:13:40,FALSE,NA,"617305270952312832",NA,"<a href=""https://about.twitter.com/products/tweetdeck"" rel=""nofollow"">TweetDeck</a>","yourdailymcm",192,TRUE,FALSE,NA,NA
"98","RT @H0TG0SSIP: Latest IPhone 6S Rose Gold Edition Ì†ΩÌ∏çÌ†ΩÌ∏ç

https://t.co/T22PAoj14d",FALSE,0,NA,2015-07-04 12:13:40,FALSE,NA,"617305270939713536",NA,"<a href=""https://about.twitter.com/products/tweetdeck"" rel=""nofollow"">TweetDeck</a>","TrapKing05",192,TRUE,FALSE,NA,NA
"99","RT @H0TG0SSIP: Latest IPhone 6S Rose Gold Edition Ì†ΩÌ∏çÌ†ΩÌ∏ç

https://t.co/T22PAoj14d",FALSE,0,NA,2015-07-04 12:13:40,FALSE,NA,"617305270927126528",NA,"<a href=""https://about.twitter.com/products/tweetdeck"" rel=""nofollow"">TweetDeck</a>","unnderated",192,TRUE,FALSE,NA,NA
"100","RT @H0TG0SSIP: Latest IPhone 6S Rose Gold Edition Ì†ΩÌ∏çÌ†ΩÌ∏ç

https://t.co/T22PAoj14d",FALSE,0,NA,2015-07-04 12:13:40,FALSE,NA,"617305270906130432",NA,"<a href=""https://about.twitter.com/products/tweetdeck"" rel=""nofollow"">TweetDeck</a>","trapabitxh",192,TRUE,FALSE,NA,NA
"101","RT @H0TG0SSIP: Latest IPhone 6S Rose Gold Edition Ì†ΩÌ∏çÌ†ΩÌ∏ç

https://t.co/T22PAoj14d",FALSE,0,NA,2015-07-04 12:13:40,FALSE,NA,"617305270889377792",NA,"<a href=""https://about.twitter.com/products/tweetdeck"" rel=""nofollow"">TweetDeck</a>","slxtify",192,TRUE,FALSE,NA,NA
"102","RT @H0TG0SSIP: Latest IPhone 6S Rose Gold Edition Ì†ΩÌ∏çÌ†ΩÌ∏ç

https://t.co/T22PAoj14d",FALSE,0,NA,2015-07-04 12:13:40,FALSE,NA,"617305270876774400",NA,"<a href=""https://about.twitter.com/products/tweetdeck"" rel=""nofollow"">TweetDeck</a>","SexNympho69",192,TRUE,FALSE,NA,NA
"103","RT @H0TG0SSIP: Latest IPhone 6S Rose Gold Edition Ì†ΩÌ∏çÌ†ΩÌ∏ç

https://t.co/T22PAoj14d",FALSE,0,NA,2015-07-04 12:13:40,FALSE,NA,"617305270868398080",NA,"<a href=""https://about.twitter.com/products/tweetdeck"" rel=""nofollow"">TweetDeck</a>","royy_x3",192,TRUE,FALSE,NA,NA
"104","RT @H0TG0SSIP: Latest IPhone 6S Rose Gold Edition Ì†ΩÌ∏çÌ†ΩÌ∏ç

https://t.co/T22PAoj14d",FALSE,0,NA,2015-07-04 12:13:40,FALSE,NA,"617305270847410176",NA,"<a href=""https://about.twitter.com/products/tweetdeck"" rel=""nofollow"">TweetDeck</a>","RealA1Chik",192,TRUE,FALSE,NA,NA
"105","RT @H0TG0SSIP: Latest IPhone 6S Rose Gold Edition Ì†ΩÌ∏çÌ†ΩÌ∏ç

https://t.co/T22PAoj14d",FALSE,0,NA,2015-07-04 12:13:40,FALSE,NA,"617305270834872321",NA,"<a href=""https://about.twitter.com/products/tweetdeck"" rel=""nofollow"">TweetDeck</a>","RealestFromFake",192,TRUE,FALSE,NA,NA
"106","RT @H0TG0SSIP: Latest IPhone 6S Rose Gold Edition Ì†ΩÌ∏çÌ†ΩÌ∏ç

https://t.co/T22PAoj14d",FALSE,0,NA,2015-07-04 12:13:40,FALSE,NA,"617305270813900800",NA,"<a href=""https://about.twitter.com/products/tweetdeck"" rel=""nofollow"">TweetDeck</a>","Quotablest",192,TRUE,FALSE,NA,NA
"107","RT @H0TG0SSIP: Latest IPhone 6S Rose Gold Edition Ì†ΩÌ∏çÌ†ΩÌ∏ç

https://t.co/T22PAoj14d",FALSE,0,NA,2015-07-04 12:13:40,FALSE,NA,"617305270780342272",NA,"<a href=""https://about.twitter.com/products/tweetdeck"" rel=""nofollow"">TweetDeck</a>","MigoLingo",192,TRUE,FALSE,NA,NA
"108","RT @H0TG0SSIP: Latest IPhone 6S Rose Gold Edition Ì†ΩÌ∏çÌ†ΩÌ∏ç

https://t.co/T22PAoj14d",FALSE,0,NA,2015-07-04 12:13:40,FALSE,NA,"617305270776131585",NA,"<a href=""https://about.twitter.com/products/tweetdeck"" rel=""nofollow"">TweetDeck</a>","GotNoChilI",192,TRUE,FALSE,NA,NA
"109","RT @H0TG0SSIP: Latest IPhone 6S Rose Gold Edition Ì†ΩÌ∏çÌ†ΩÌ∏ç

https://t.co/T22PAoj14d",FALSE,0,NA,2015-07-04 12:13:40,FALSE,NA,"617305270767775744",NA,"<a href=""https://about.twitter.com/products/tweetdeck"" rel=""nofollow"">TweetDeck</a>","OnlyExercise",192,TRUE,FALSE,NA,NA
"110","RT @H0TG0SSIP: Latest IPhone 6S Rose Gold Edition Ì†ΩÌ∏çÌ†ΩÌ∏ç

https://t.co/T22PAoj14d",FALSE,0,NA,2015-07-04 12:13:40,FALSE,NA,"617305270767734784",NA,"<a href=""https://about.twitter.com/products/tweetdeck"" rel=""nofollow"">TweetDeck</a>","MrsSexy__",192,TRUE,FALSE,NA,NA
"111","RT @H0TG0SSIP: Latest IPhone 6S Rose Gold Edition Ì†ΩÌ∏çÌ†ΩÌ∏ç

https://t.co/T22PAoj14d",FALSE,0,NA,2015-07-04 12:13:40,FALSE,NA,"617305270763585536",NA,"<a href=""https://about.twitter.com/products/tweetdeck"" rel=""nofollow"">TweetDeck</a>","notsethrogenn",192,TRUE,FALSE,NA,NA
"112","RT @H0TG0SSIP: Latest IPhone 6S Rose Gold Edition Ì†ΩÌ∏çÌ†ΩÌ∏ç

https://t.co/T22PAoj14d",FALSE,0,NA,2015-07-04 12:13:40,FALSE,NA,"617305270759387137",NA,"<a href=""https://about.twitter.com/products/tweetdeck"" rel=""nofollow"">TweetDeck</a>","MrsMulatto3",192,TRUE,FALSE,NA,NA
"113","RT @H0TG0SSIP: Latest IPhone 6S Rose Gold Edition Ì†ΩÌ∏çÌ†ΩÌ∏ç

https://t.co/T22PAoj14d",FALSE,0,NA,2015-07-04 12:13:40,FALSE,NA,"617305270759387136",NA,"<a href=""https://about.twitter.com/products/tweetdeck"" rel=""nofollow"">TweetDeck</a>","OreosNRetros_",192,TRUE,FALSE,NA,NA
"114","RT @H0TG0SSIP: Latest IPhone 6S Rose Gold Edition Ì†ΩÌ∏çÌ†ΩÌ∏ç

https://t.co/T22PAoj14d",FALSE,0,NA,2015-07-04 12:13:40,FALSE,NA,"617305270721609729",NA,"<a href=""https://about.twitter.com/products/tweetdeck"" rel=""nofollow"">TweetDeck</a>","kushgxddess",192,TRUE,FALSE,NA,NA
"115","RT @H0TG0SSIP: Latest IPhone 6S Rose Gold Edition Ì†ΩÌ∏çÌ†ΩÌ∏ç

https://t.co/T22PAoj14d",FALSE,0,NA,2015-07-04 12:13:40,FALSE,NA,"617305270704865280",NA,"<a href=""https://about.twitter.com/products/tweetdeck"" rel=""nofollow"">TweetDeck</a>","KushNHoez",192,TRUE,FALSE,NA,NA
"116","RT @H0TG0SSIP: Latest IPhone 6S Rose Gold Edition Ì†ΩÌ∏çÌ†ΩÌ∏ç

https://t.co/T22PAoj14d",FALSE,0,NA,2015-07-04 12:13:40,FALSE,NA,"617305270679699456",NA,"<a href=""https://about.twitter.com/products/tweetdeck"" rel=""nofollow"">TweetDeck</a>","iHaHaPics",192,TRUE,FALSE,NA,NA
"117","RT @H0TG0SSIP: Latest IPhone 6S Rose Gold Edition Ì†ΩÌ∏çÌ†ΩÌ∏ç

https://t.co/T22PAoj14d",FALSE,0,NA,2015-07-04 12:13:40,FALSE,NA,"617305270679642114",NA,"<a href=""https://about.twitter.com/products/tweetdeck"" rel=""nofollow"">TweetDeck</a>","kyoko_solomon",192,TRUE,FALSE,NA,NA
"118","RT @H0TG0SSIP: Latest IPhone 6S Rose Gold Edition Ì†ΩÌ∏çÌ†ΩÌ∏ç

https://t.co/T22PAoj14d",FALSE,0,NA,2015-07-04 12:13:40,FALSE,NA,"617305270537072640",NA,"<a href=""https://about.twitter.com/products/tweetdeck"" rel=""nofollow"">TweetDeck</a>","FitnessCheckIN",192,TRUE,FALSE,NA,NA
"119","RT @H0TG0SSIP: Latest IPhone 6S Rose Gold Edition Ì†ΩÌ∏çÌ†ΩÌ∏ç

https://t.co/T22PAoj14d",FALSE,0,NA,2015-07-04 12:13:40,FALSE,NA,"617305270532894721",NA,"<a href=""https://about.twitter.com/products/tweetdeck"" rel=""nofollow"">TweetDeck</a>","Elisa_AsIAm",192,TRUE,FALSE,NA,NA
"120","RT @H0TG0SSIP: Latest IPhone 6S Rose Gold Edition Ì†ΩÌ∏çÌ†ΩÌ∏ç

https://t.co/T22PAoj14d",FALSE,0,NA,2015-07-04 12:13:40,FALSE,NA,"617305270528667648",NA,"<a href=""https://about.twitter.com/products/tweetdeck"" rel=""nofollow"">TweetDeck</a>","FuckTornz",192,TRUE,FALSE,NA,NA
"121","RT @H0TG0SSIP: Latest IPhone 6S Rose Gold Edition Ì†ΩÌ∏çÌ†ΩÌ∏ç

https://t.co/T22PAoj14d",FALSE,0,NA,2015-07-04 12:13:40,FALSE,NA,"617305270524489728",NA,"<a href=""https://about.twitter.com/products/tweetdeck"" rel=""nofollow"">TweetDeck</a>","CeceVibez",192,TRUE,FALSE,NA,NA
"122","RT @H0TG0SSIP: Latest IPhone 6S Rose Gold Edition Ì†ΩÌ∏çÌ†ΩÌ∏ç

https://t.co/T22PAoj14d",FALSE,0,NA,2015-07-04 12:13:40,FALSE,NA,"617305270516060161",NA,"<a href=""https://about.twitter.com/products/tweetdeck"" rel=""nofollow"">TweetDeck</a>","CaroSaysHi",192,TRUE,FALSE,NA,NA
"123","RT @H0TG0SSIP: Latest IPhone 6S Rose Gold Edition Ì†ΩÌ∏çÌ†ΩÌ∏ç

https://t.co/T22PAoj14d",FALSE,0,NA,2015-07-04 12:13:40,FALSE,NA,"617305270507708416",NA,"<a href=""https://about.twitter.com/products/tweetdeck"" rel=""nofollow"">TweetDeck</a>","_AdoreAngel_",192,TRUE,FALSE,NA,NA
"124","RT @Lena_Elissakh: In love with #iOS84 #iPhone http://t.co/EmCGq4w3ED",FALSE,0,NA,2015-07-04 12:13:39,FALSE,NA,"617305267705901056",NA,"<a href=""http://twitter.com"" rel=""nofollow"">Twitter Web Client</a>","samah_mylinda",3,TRUE,FALSE,NA,NA
"125","RT @HoodJesusYo: If His grace is an iPhone we're all synching",FALSE,0,NA,2015-07-04 12:13:39,FALSE,NA,"617305267131273216",NA,"<a href=""http://twitter.com/download/iphone"" rel=""nofollow"">Twitter for iPhone</a>","dulcyolson",1046,TRUE,FALSE,NA,NA
"126","RT @free24apps: iPhone App  http://t.co/AteKZN0t0q ACDSee Photo $0.00 -&gt; Free | #iPhone #App #iOS #free #limitedtime http://t.co/SgykSwqeKh",FALSE,0,NA,2015-07-04 12:13:39,FALSE,NA,"617305266011246593",NA,"<a href=""http://dlvr.it"" rel=""nofollow"">dlvr.it</a>","nazneenka",7,TRUE,FALSE,NA,NA
"127","RT @PhoeniixRepairs: Looking for any iPhone 6/6 plus' for sale that are 'Spares or Repairs'. Either not working or screen smashed etc. Hit ‚Ä¶",FALSE,0,NA,2015-07-04 12:13:38,FALSE,NA,"617305262727282688",NA,"<a href=""http://twitter.com/download/iphone"" rel=""nofollow"">Twitter for iPhone</a>","iPhoeniix",1,TRUE,FALSE,NA,NA
"128","RT @gima2327: iPhone App iFunFace Pro - Create Funny HD Videos From Photos,... http://t.co/I3OwDSP9wl http://t.co/eLAbZxmmg6",FALSE,0,NA,2015-07-04 12:13:37,FALSE,NA,"617305261280096256",NA,"<a href=""http://dlvr.it"" rel=""nofollow"">dlvr.it</a>","ha0l0ah",10,TRUE,FALSE,NA,NA
"129","RT @gima2327: iPhone App iFunFace Pro - Create Funny HD Videos From Photos,... http://t.co/I3OwDSP9wl http://t.co/eLAbZxmmg6",FALSE,0,NA,2015-07-04 12:13:37,FALSE,NA,"617305261254914048",NA,"<a href=""http://dlvr.it"" rel=""nofollow"">dlvr.it</a>","ivana3j",10,TRUE,FALSE,NA,NA
"130","RT @imariancoffee: iPhone Cover

#‰ºä‰∏áÈáåÂ∫µÁèàÁê≤„ÄÄ#È´òÂ¥é„ÄÄ#„Ç≥„Éº„Éí„Éº http://t.co/37uSQg7Flx",FALSE,0,NA,2015-07-04 12:13:36,FALSE,NA,"617305256972587008",NA,"<a href=""http://twitter.com"" rel=""nofollow"">Twitter Web Client</a>","7tubuan7",5,TRUE,FALSE,NA,NA
"131","RT @free24apps: iPhone App  http://t.co/08yTG57cr7 Keyboard Stylish - More Theme For Your Keyboard Utilities $0.00 -&gt; Free | #iPhone‚Ä¶ http:‚Ä¶",FALSE,0,NA,2015-07-04 12:13:36,FALSE,NA,"617305254523072513",NA,"<a href=""http://dlvr.it"" rel=""nofollow"">dlvr.it</a>","000000000001110",17,TRUE,FALSE,NA,NA
"132","RT @gima2327: iPhone App iFunFace Pro - Create Funny HD Videos From Photos,... http://t.co/I3OwDSP9wl http://t.co/eLAbZxmmg6",FALSE,0,NA,2015-07-04 12:13:36,FALSE,NA,"617305253856198656",NA,"<a href=""http://dlvr.it"" rel=""nofollow"">dlvr.it</a>","8rend",10,TRUE,FALSE,NA,NA
"133","RT @free24apps: iPhone App  http://t.co/08yTG57cr7 Keyboard Stylish - More Theme For Your Keyboard Utilities $0.00 -&gt; Free | #iPhone‚Ä¶ http:‚Ä¶",FALSE,0,NA,2015-07-04 12:13:35,FALSE,NA,"617305252031664128",NA,"<a href=""http://dlvr.it"" rel=""nofollow"">dlvr.it</a>","kurokihiako",17,TRUE,FALSE,NA,NA
"134","RT @Hormonella: ""TODAY, WE CELEBRATE OUR INDEPENDENCE!""

::: hurls iPhone into bonfire :::",FALSE,0,NA,2015-07-04 12:13:35,FALSE,NA,"617305250949648384",NA,"<a href=""http://twitter.com/download/iphone"" rel=""nofollow"">Twitter for iPhone</a>","FromRightField",1,TRUE,FALSE,NA,NA
"135","RT @gima2327: iPhone App iFunFace Pro - Create Funny HD Videos From Photos,... http://t.co/I3OwDSP9wl http://t.co/eLAbZxmmg6",FALSE,0,NA,2015-07-04 12:13:35,FALSE,NA,"617305250668507136",NA,"<a href=""http://dlvr.it"" rel=""nofollow"">dlvr.it</a>","kristvav",10,TRUE,FALSE,NA,NA
"136","RT @gima2327: iPhone App iFunFace Pro - Create Funny HD Videos From Photos,... http://t.co/I3OwDSP9wl http://t.co/eLAbZxmmg6",FALSE,0,NA,2015-07-04 12:13:35,FALSE,NA,"617305250664288256",NA,"<a href=""http://dlvr.it"" rel=""nofollow"">dlvr.it</a>","l1nd0a",10,TRUE,FALSE,NA,NA
"137","RT @gima2327: iPhone App iFunFace Pro - Create Funny HD Videos From Photos,... http://t.co/I3OwDSP9wl http://t.co/eLAbZxmmg6",FALSE,0,NA,2015-07-04 12:13:35,FALSE,NA,"617305250639155200",NA,"<a href=""http://dlvr.it"" rel=""nofollow"">dlvr.it</a>","flo3234",10,TRUE,FALSE,NA,NA
"138","RT @gima2327: iPhone App iFunFace Pro - Create Funny HD Videos From Photos,... http://t.co/I3OwDSP9wl http://t.co/eLAbZxmmg6",FALSE,0,NA,2015-07-04 12:13:35,FALSE,NA,"617305250140024832",NA,"<a href=""http://dlvr.it"" rel=""nofollow"">dlvr.it</a>","la666sa",10,TRUE,FALSE,NA,NA
"139","RT @gima2327: iPhone App iFunFace Pro - Create Funny HD Videos From Photos,... http://t.co/I3OwDSP9wl http://t.co/eLAbZxmmg6",FALSE,0,NA,2015-07-04 12:13:35,FALSE,NA,"617305250005782528",NA,"<a href=""http://dlvr.it"" rel=""nofollow"">dlvr.it</a>","anvvnan",10,TRUE,FALSE,NA,NA
"140","Apple iPhone 5s - 64GB - Space Gray (Verizon) Smartphone - UNLOCKED! - Full read by eBay http://t.co/yhnBlwF5fo http://t.co/GBsVSTZn3I",FALSE,0,NA,2015-07-04 12:13:34,FALSE,NA,"617305248311418880",NA,"<a href=""http://ifttt.com"" rel=""nofollow"">IFTTT</a>","Feipfu__Suawlu",0,FALSE,FALSE,NA,NA
"141","RT @free24apps: iPhone App  http://t.co/AteKZN0t0q ACDSee Photo $0.00 -&gt; Free | #iPhone #App #iOS #free #limitedtime http://t.co/SgykSwqeKh",FALSE,0,NA,2015-07-04 12:13:34,FALSE,NA,"617305247849918464",NA,"<a href=""http://dlvr.it"" rel=""nofollow"">dlvr.it</a>","canu_r",7,TRUE,FALSE,NA,NA
"142","RT @free24apps: iPhone App  http://t.co/08yTG57cr7 Keyboard Stylish - More Theme For Your Keyboard Utilities $0.00 -&gt; Free | #iPhone‚Ä¶ http:‚Ä¶",FALSE,0,NA,2015-07-04 12:13:34,FALSE,NA,"617305247808000000",NA,"<a href=""http://dlvr.it"" rel=""nofollow"">dlvr.it</a>","taylerhe",17,TRUE,FALSE,NA,NA
"143","#Howto #iDevice Download and Install iOS 8.4 on iPhone or iPad (How to) http://t.co/qlGHTXoghx http://t.co/C4MMCnQTRS",FALSE,0,NA,2015-07-04 12:13:34,FALSE,NA,"617305247342440448",NA,"<a href=""http://dlvr.it"" rel=""nofollow"">dlvr.it</a>","Guruswizards",0,FALSE,FALSE,NA,NA
"144","RT @free24apps: iPhone App  http://t.co/08yTG57cr7 Keyboard Stylish - More Theme For Your Keyboard Utilities $0.00 -&gt; Free | #iPhone‚Ä¶ http:‚Ä¶",FALSE,0,NA,2015-07-04 12:13:34,FALSE,NA,"617305246604222464",NA,"<a href=""http://dlvr.it"" rel=""nofollow"">dlvr.it</a>","bettmoore",16,TRUE,FALSE,NA,NA
"145","Thursday Apple Rumors: iPhone 6S May Have 12MP Camera.. Related Articles: http://t.co/1pkT7a7rkv",FALSE,0,NA,2015-07-04 12:13:33,FALSE,NA,"617305244041613312",NA,"<a href=""http://www.google.com"" rel=""nofollow"">TwitterJava22</a>","latest_ooyuz",0,FALSE,FALSE,NA,NA
"146","I'm earning #mPOINTS in http://t.co/nEZTPpn9Ci for iPhone. http://t.co/fUPrN2hSLK @dictionarycom",FALSE,0,NA,2015-07-04 12:13:32,FALSE,NA,"617305237506945024",NA,"<a href=""http://www.getmpoints.com"" rel=""nofollow"">mPOINTS Mobile Rewards</a>","AbePilk76",0,FALSE,FALSE,NA,NA
"147","Bolish funda iPhone 6 sumergible impermeable IP67  http://t.co/XKiVJhzVx6",FALSE,0,NA,2015-07-04 12:13:31,FALSE,NA,"617305235581730816",NA,"<a href=""http://www.xopie.com"" rel=""nofollow"">Tiendas Xopie</a>","yougamebay_com",0,FALSE,FALSE,NA,NA
"148","DxO One Bridges iPhone-DSLR Camera Divide ‚Äì TechNewsWorld http://t.co/ZZ9KbjkEUt",FALSE,0,NA,2015-07-04 12:13:31,FALSE,NA,"617305234700955649",NA,"<a href=""http://ifttt.com"" rel=""nofollow"">IFTTT</a>","karissaeemoone2",0,FALSE,FALSE,NA,NA
"149","Looking for any iPhone 6/6 plus' for sale that are 'Spares or Repairs'. Either not working or screen smashed etc. Hit me up.",FALSE,0,NA,2015-07-04 12:13:30,FALSE,NA,"617305229592281088",NA,"<a href=""http://twitter.com/download/iphone"" rel=""nofollow"">Twitter for iPhone</a>","PhoeniixRepairs",1,FALSE,FALSE,NA,NA
"150","Double USB Port Micro Car Charger 4 IPhone 6 5G 5 4S Galaxy S4 S5 NOTE 4 1A 2.1A http://t.co/ofyuQvbbsW http://t.co/g2QXt2zH6R",FALSE,0,NA,2015-07-04 12:13:30,FALSE,NA,"617305229315411970",NA,"<a href=""http://ifttt.com"" rel=""nofollow"">IFTTT</a>","isidromier2",0,FALSE,FALSE,NA,NA
"151","iphone https://t.co/TGoifZCYEl",FALSE,0,NA,2015-07-04 12:13:30,FALSE,NA,"617305228480675840",NA,"<a href=""http://twitter.com/download/iphone"" rel=""nofollow"">Twitter for iPhone</a>","joannaisabelle_",0,FALSE,FALSE,NA,NA
"152","Apple iphone 4s white Factory unlocked 16gb Mobile Smart Phone - Full read by eBay http://t.co/ZkFSeFIhv5 http://t.co/pGZVjt8N5A",FALSE,0,NA,2015-07-04 12:13:29,FALSE,NA,"617305227310563328",NA,"<a href=""http://ifttt.com"" rel=""nofollow"">IFTTT</a>","Zaemco__Hailze",0,FALSE,FALSE,NA,NA
"153","Replacement LCD Touch Screen Digitizer Assembly for iPhone 4 A1349 + tools Black http://t.co/ChB9igt61u http://t.co/ufjG5etARy",FALSE,0,NA,2015-07-04 12:13:28,FALSE,NA,"617305222243815424",NA,"<a href=""http://ifttt.com"" rel=""nofollow"">IFTTT</a>","campo_fr",0,FALSE,FALSE,NA,NA
"154","Pink Universal Handsfree Bluetooth Headset Earphone for Samsung iphone HTC LG - Full read ‚Ä¶ http://t.co/1SXFeUQDAn http://t.co/CphDHLXjdC",FALSE,0,NA,2015-07-04 12:13:27,FALSE,NA,"617305218917773312",NA,"<a href=""http://ifttt.com"" rel=""nofollow"">IFTTT</a>","Suokki__Yuivmu",0,FALSE,FALSE,NA,NA
"155","#teen,#video,#sexy,#pussy,#iphone,#sex: Busty Blonde Rhylee Richards Makes Her Big Ass Bounce On This Hard Dick http://t.co/WN9DUAdYlU",FALSE,0,NA,2015-07-04 12:13:26,FALSE,NA,"617305212559204352",NA,"<a href=""http://winthecustomer.com/"" rel=""nofollow"">Win the Customer</a>","UkSexDogging",0,FALSE,FALSE,NA,NA
"156","#teen,#video,#sexy,#pussy,#iphone,#sex: Lascivious Brunette Babe Gets Her Mouth Filled With Pee After Anal Fuck http://t.co/cMG2vE3frp",FALSE,0,NA,2015-07-04 12:13:25,FALSE,NA,"617305210126499841",NA,"<a href=""http://winthecustomer.com/"" rel=""nofollow"">Win the Customer</a>","UkSexDogging",1,FALSE,FALSE,NA,NA
"157","Apple iPhone 4s - 16GB - Black (Unlocked) Smartphone - Full read by eBay http://t.co/3JbMXck8VJ http://t.co/Dy8wLcjyZP",FALSE,0,NA,2015-07-04 12:13:25,FALSE,NA,"617305209400885248",NA,"<a href=""http://ifttt.com"" rel=""nofollow"">IFTTT</a>","Woozda__Jaigbu",0,FALSE,FALSE,NA,NA
"158","New Free iPhone/iPad app - Mine Sweeper Super Duper Ultimate - http://t.co/viMxXT1dP7",FALSE,0,NA,2015-07-04 12:13:25,FALSE,NA,"617305208348131328",NA,"<a href=""http://www.ourappwebsite.com/as_new_releases.php"" rel=""nofollow"">All_New_Apps</a>","All_New_Apps",0,FALSE,FALSE,NA,NA
"159","Apple iPhone 4 - 8GB - Black (Unlocked) Smartphone - Full read by eBay http://t.co/o99tgeFn5p http://t.co/UH3XF1T6b7",FALSE,0,NA,2015-07-04 12:13:24,FALSE,NA,"617305205932191744",NA,"<a href=""http://ifttt.com"" rel=""nofollow"">IFTTT</a>","Woozda__Jaigbu",0,FALSE,FALSE,NA,NA
"160","Cracked Screen Apple iPhone 4 - 16GB - Black (Verizon) Smartphone - Full read by eBay http://t.co/cS9DXJHTaM http://t.co/78L4ALMdg9",FALSE,0,NA,2015-07-04 12:13:23,FALSE,NA,"617305202413162496",NA,"<a href=""http://ifttt.com"" rel=""nofollow"">IFTTT</a>","Woozda__Jaigbu",0,FALSE,FALSE,NA,NA
"161","1 awesome users just followed me. Via @FindUnfollower http://t.co/HdQuu8cKDK. #iPhone #App",FALSE,0,NA,2015-07-04 12:13:23,FALSE,NA,"617305201599328256",NA,"<a href=""http://www.apple.com"" rel=""nofollow"">iOS</a>","alb3eer96",0,FALSE,FALSE,NA,NA
"162","Apple iphone 4s white Factory unlocked 16gb Mobile Smart Phone - Full read by eBay http://t.co/AMQJRz22ux http://t.co/c6NZ571WKx",FALSE,0,NA,2015-07-04 12:13:23,FALSE,NA,"617305199963701248",NA,"<a href=""http://ifttt.com"" rel=""nofollow"">IFTTT</a>","Xoenzo__Koephu",0,FALSE,FALSE,NA,NA
"163","Apple iPhone 4s 16GB  White Unlocked Smartphone - Original box - Full read by eBay http://t.co/qSiAaoWupM http://t.co/VMJWrHUAKE",FALSE,0,NA,2015-07-04 12:13:23,FALSE,NA,"617305198705442816",NA,"<a href=""http://ifttt.com"" rel=""nofollow"">IFTTT</a>","Woozda__Jaigbu",0,FALSE,FALSE,NA,NA
"164","RT @H0TG0SSIP: Latest IPhone 6S Rose Gold Edition Ì†ΩÌ∏çÌ†ΩÌ∏ç

https://t.co/T22PAoj14d",FALSE,0,NA,2015-07-04 12:13:22,FALSE,NA,"617305197828829184",NA,"<a href=""https://about.twitter.com/products/tweetdeck"" rel=""nofollow"">TweetDeck</a>","DeeplnYourMind",192,TRUE,FALSE,NA,NA
"165","RT @H0TG0SSIP: Latest IPhone 6S Rose Gold Edition Ì†ΩÌ∏çÌ†ΩÌ∏ç

https://t.co/T22PAoj14d",FALSE,0,NA,2015-07-04 12:13:22,FALSE,NA,"617305197665222657",NA,"<a href=""https://about.twitter.com/products/tweetdeck"" rel=""nofollow"">TweetDeck</a>","ThatWomanCrush",192,TRUE,FALSE,NA,NA
"166","RT @H0TG0SSIP: Latest IPhone 6S Rose Gold Edition Ì†ΩÌ∏çÌ†ΩÌ∏ç

https://t.co/T22PAoj14d",FALSE,0,NA,2015-07-04 12:13:22,FALSE,NA,"617305197635837952",NA,"<a href=""https://about.twitter.com/products/tweetdeck"" rel=""nofollow"">TweetDeck</a>","FailsVines",192,TRUE,FALSE,NA,NA
"167","RT @H0TG0SSIP: Latest IPhone 6S Rose Gold Edition Ì†ΩÌ∏çÌ†ΩÌ∏ç

https://t.co/T22PAoj14d",FALSE,0,NA,2015-07-04 12:13:22,FALSE,NA,"617305197547769856",NA,"<a href=""https://about.twitter.com/products/tweetdeck"" rel=""nofollow"">TweetDeck</a>","Extrv",192,TRUE,FALSE,NA,NA
"168","RT @H0TG0SSIP: Latest IPhone 6S Rose Gold Edition Ì†ΩÌ∏çÌ†ΩÌ∏ç

https://t.co/T22PAoj14d",FALSE,0,NA,2015-07-04 12:13:22,FALSE,NA,"617305197518409728",NA,"<a href=""https://about.twitter.com/products/tweetdeck"" rel=""nofollow"">TweetDeck</a>","toystorywithme",192,TRUE,FALSE,NA,NA
"169","RT @H0TG0SSIP: Latest IPhone 6S Rose Gold Edition Ì†ΩÌ∏çÌ†ΩÌ∏ç

https://t.co/T22PAoj14d",FALSE,0,NA,2015-07-04 12:13:22,FALSE,NA,"617305197510029312",NA,"<a href=""https://about.twitter.com/products/tweetdeck"" rel=""nofollow"">TweetDeck</a>","yocrazyfact",192,TRUE,FALSE,NA,NA
"170","RT @H0TG0SSIP: Latest IPhone 6S Rose Gold Edition Ì†ΩÌ∏çÌ†ΩÌ∏ç

https://t.co/T22PAoj14d",FALSE,0,NA,2015-07-04 12:13:22,FALSE,NA,"617305197476450305",NA,"<a href=""https://about.twitter.com/products/tweetdeck"" rel=""nofollow"">TweetDeck</a>","seemyclicks",192,TRUE,FALSE,NA,NA
"171","RT @H0TG0SSIP: Latest IPhone 6S Rose Gold Edition Ì†ΩÌ∏çÌ†ΩÌ∏ç

https://t.co/T22PAoj14d",FALSE,0,NA,2015-07-04 12:13:22,FALSE,NA,"617305197434544128",NA,"<a href=""https://about.twitter.com/products/tweetdeck"" rel=""nofollow"">TweetDeck</a>","ItsYoungVintage",192,TRUE,FALSE,NA,NA
"172","RT @H0TG0SSIP: Latest IPhone 6S Rose Gold Edition Ì†ΩÌ∏çÌ†ΩÌ∏ç

https://t.co/T22PAoj14d",FALSE,0,NA,2015-07-04 12:13:22,FALSE,NA,"617305197430329344",NA,"<a href=""https://about.twitter.com/products/tweetdeck"" rel=""nofollow"">TweetDeck</a>","looking4un",192,TRUE,FALSE,NA,NA
"173","RT @H0TG0SSIP: Latest IPhone 6S Rose Gold Edition Ì†ΩÌ∏çÌ†ΩÌ∏ç

https://t.co/T22PAoj14d",FALSE,0,NA,2015-07-04 12:13:22,FALSE,NA,"617305197421969408",NA,"<a href=""https://about.twitter.com/products/tweetdeck"" rel=""nofollow"">TweetDeck</a>","Jokesfam",192,TRUE,FALSE,NA,NA
"174","RT @H0TG0SSIP: Latest IPhone 6S Rose Gold Edition Ì†ΩÌ∏çÌ†ΩÌ∏ç

https://t.co/T22PAoj14d",FALSE,0,NA,2015-07-04 12:13:22,FALSE,NA,"617305197413552128",NA,"<a href=""https://about.twitter.com/products/tweetdeck"" rel=""nofollow"">TweetDeck</a>","breastjob",192,TRUE,FALSE,NA,NA
"175","RT @H0TG0SSIP: Latest IPhone 6S Rose Gold Edition Ì†ΩÌ∏çÌ†ΩÌ∏ç

https://t.co/T22PAoj14d",FALSE,0,NA,2015-07-04 12:13:22,FALSE,NA,"617305197392592897",NA,"<a href=""https://about.twitter.com/products/tweetdeck"" rel=""nofollow"">TweetDeck</a>","ATypicalFemalee",192,TRUE,FALSE,NA,NA
"176","Apple iPhone vs. Samsung Galaxy: The Camera Battle Based On Rumors http://t.co/KJfSQtg6P9",FALSE,0,NA,2015-07-04 12:13:22,FALSE,NA,"617305195131764736",NA,"<a href=""http://twitterfeed.com"" rel=""nofollow"">twitterfeed</a>","TechieAlizay",0,FALSE,FALSE,NA,NA
"177","Apple iPhone vs. Samsung Galaxy: The Camera Battle Based On Rumors http://t.co/SNJg3p5u50",FALSE,0,NA,2015-07-04 12:13:21,FALSE,NA,"617305191679856641",NA,"<a href=""http://twitterfeed.com"" rel=""nofollow"">twitterfeed</a>","ZaraTheGeek",0,FALSE,FALSE,NA,NA
"178","RT @stanharrys: His hands is literally bigger then the IPhone 6 which I can't even hold properly with one hand Peace out http://t.co/KJc0PH‚Ä¶",FALSE,0,NA,2015-07-04 12:13:20,FALSE,NA,"617305188479709184",NA,"<a href=""http://twitter.com/download/iphone"" rel=""nofollow"">Twitter for iPhone</a>","niallhlife",403,TRUE,FALSE,NA,NA
"179","Apple iPhone 5 - 64GB - White &amp; Silver (AT&amp;T) Smartphone with Free Otterbox - Full read by‚Ä¶ http://t.co/q83sqse0MW http://t.co/tgexD9DgMe",FALSE,0,NA,2015-07-04 12:13:20,FALSE,NA,"617305187926024192",NA,"<a href=""http://ifttt.com"" rel=""nofollow"">IFTTT</a>","Tuuyha__Pauklu",0,FALSE,FALSE,NA,NA
"180","Lifeproof fre Waterproof Case for iPhone 5/5S - Turquoise/Teal New! - Full read by eBay http://t.co/pOLK4RkQIG http://t.co/bD79LoS2S1",FALSE,0,NA,2015-07-04 12:13:19,FALSE,NA,"617305184222351360",NA,"<a href=""http://ifttt.com"" rel=""nofollow"">IFTTT</a>","Tuuyha__Pauklu",0,FALSE,FALSE,NA,NA
"181","Apple iPhone 5 - 64GB - White &amp; Silver (AT&amp;T) Smartphone with Free Otterbox - Full read by‚Ä¶ http://t.co/jgERil4PbI http://t.co/AbyVhrMl8w",FALSE,0,NA,2015-07-04 12:13:19,FALSE,NA,"617305184193126400",NA,"<a href=""http://ifttt.com"" rel=""nofollow"">IFTTT</a>","Haijdo__Xeofzi",0,FALSE,FALSE,NA,NA
"182","Lifeproof fre Waterproof Case for iPhone 5/5S - Turquoise/Teal New! - Full read by eBay http://t.co/hbzSm2IhyR http://t.co/8PRoLeQJyR",FALSE,0,NA,2015-07-04 12:13:18,FALSE,NA,"617305181768818688",NA,"<a href=""http://ifttt.com"" rel=""nofollow"">IFTTT</a>","Haijdo__Xeofzi",0,FALSE,FALSE,NA,NA
"183","Apple iPhone 5s - 16GB - Gold (Factory Unlocked) Smartphone EXCELLENT CONDITION - Full rea‚Ä¶ http://t.co/eNmwpiHN3H http://t.co/gGNm1vPOfK",FALSE,0,NA,2015-07-04 12:13:18,FALSE,NA,"617305179038294016",NA,"<a href=""http://ifttt.com"" rel=""nofollow"">IFTTT</a>","Baarru__Xuijka",0,FALSE,FALSE,NA,NA
"184","Apple iPhone 5s - 16GB - Gold (U.S. Cellular) Smartphone - Full read by eBay http://t.co/lx725Zs7jW http://t.co/HzicbhcGGk",FALSE,0,NA,2015-07-04 12:13:18,FALSE,NA,"617305178472120320",NA,"<a href=""http://ifttt.com"" rel=""nofollow"">IFTTT</a>","Tuuyha__Pauklu",0,FALSE,FALSE,NA,NA
"185","APPLE IPHONE 6+ | 6 | 5S | 5C | 5  AT&amp;T ATT PREMIUM FACTORY UNLOCK CODE SERVICE - Full rea‚Ä¶ http://t.co/BswmxkM8RL http://t.co/AR149NYdoF",FALSE,0,NA,2015-07-04 12:13:18,FALSE,NA,"617305178014920704",NA,"<a href=""http://ifttt.com"" rel=""nofollow"">IFTTT</a>","Reofji__Toidju",0,FALSE,FALSE,NA,NA
"186","Apple iPhone 5s - 16GB - Gold (U.S. Cellular) Smartphone - Full read by eBay http://t.co/93Z4K9epsP http://t.co/V3xt28HRKw",FALSE,0,NA,2015-07-04 12:13:17,FALSE,NA,"617305176781770752",NA,"<a href=""http://ifttt.com"" rel=""nofollow"">IFTTT</a>","Haijdo__Xeofzi",0,FALSE,FALSE,NA,NA
"187","SWAP iPHONE 6 or 6+ BAD ESN IMEI AT&amp;T VERIZON SPRINT T-MOBILE TO A NEW CLEAN ONE - Full re‚Ä¶ http://t.co/2TGpkR7m6S http://t.co/iqDt48v6Pq",FALSE,0,NA,2015-07-04 12:13:17,FALSE,NA,"617305175309594624",NA,"<a href=""http://ifttt.com"" rel=""nofollow"">IFTTT</a>","Reofji__Toidju",0,FALSE,FALSE,NA,NA
"188","Life proof Fre Iphone 5 / 5s case Brand New, Black - Full read by eBay http://t.co/p4FTPFT5Ub http://t.co/xT0eHeZUpg",FALSE,0,NA,2015-07-04 12:13:17,FALSE,NA,"617305175162814465",NA,"<a href=""http://ifttt.com"" rel=""nofollow"">IFTTT</a>","Tuuyha__Pauklu",0,FALSE,FALSE,NA,NA
"189","@coolstarorg good day my Tweaks Classic lock screen entradondo in this exid safe mode and like more help me ?iphone 4s iOS 8.4 thank you",FALSE,0,"coolstarorg",2015-07-04 12:13:17,FALSE,NA,"617305174407708672","379029313","<a href=""http://twitter.com/download/iphone"" rel=""nofollow"">Twitter for iPhone</a>","89Kaua",0,FALSE,FALSE,NA,NA
"190","""TODAY, WE CELEBRATE OUR INDEPENDENCE!""

::: hurls iPhone into bonfire :::",FALSE,3,NA,2015-07-04 12:13:17,FALSE,NA,"617305173703028736",NA,"<a href=""http://twitter.com/#!/download/ipad"" rel=""nofollow"">Twitter for iPad</a>","Hormonella",1,FALSE,FALSE,NA,NA
"191","Life proof Fre Iphone 5 / 5s case Brand New, Black - Full read by eBay http://t.co/6MvGUHVITr http://t.co/2FD7rw7L4M",FALSE,0,NA,2015-07-04 12:13:17,FALSE,NA,"617305173598302208",NA,"<a href=""http://ifttt.com"" rel=""nofollow"">IFTTT</a>","Haijdo__Xeofzi",0,FALSE,FALSE,NA,NA
"192","New eBay Deal! Philips PV7002i/37 TwinPlay 7"" Dual Screen In-Car Video Viewer for iPhone i‚Ä¶ http://t.co/xs1ToziJSO http://t.co/OGBUw9A4Ha",FALSE,0,NA,2015-07-04 12:13:16,FALSE,NA,"617305171387936768",NA,"<a href=""http://ifttt.com"" rel=""nofollow"">IFTTT</a>","joedealsallday",0,FALSE,FALSE,NA,NA
"193","2200mAh External Battery Backup Charger Case Cover Power Bank for iPhone 5 5S - Full read ‚Ä¶ http://t.co/7y7EbrrtOI http://t.co/EccDnJ6gq2",FALSE,0,NA,2015-07-04 12:13:16,FALSE,NA,"617305170557411328",NA,"<a href=""http://ifttt.com"" rel=""nofollow"">IFTTT</a>","Tuuyha__Pauklu",0,FALSE,FALSE,NA,NA
"194","2200mAh External Battery Backup Charger Case Cover Power Bank for iPhone 5 5S - Full read ‚Ä¶ http://t.co/I2dxpffB5r http://t.co/yMG3sCDxHr",FALSE,0,NA,2015-07-04 12:13:16,FALSE,NA,"617305170117042176",NA,"<a href=""http://ifttt.com"" rel=""nofollow"">IFTTT</a>","Haijdo__Xeofzi",0,FALSE,FALSE,NA,NA
"195","Apple iPhone 4s - 64GB - Black(AT&amp;T) Works great - Clean IMEI - Activation Ready - Full re‚Ä¶ http://t.co/dGRVLxf2Zw http://t.co/W20gDu1TW2",FALSE,0,NA,2015-07-04 12:13:16,FALSE,NA,"617305169659871232",NA,"<a href=""http://ifttt.com"" rel=""nofollow"">IFTTT</a>","Baarru__Xuijka",0,FALSE,FALSE,NA,NA
"196","Iphone Factory Unlock service ATT6+ 6 5,5S,5C,4S,4,3 FAST PERMANENT I-PHONE CODE - Full re‚Ä¶ http://t.co/GZs3QFRh47 http://t.co/hoKVpP8eFS",FALSE,0,NA,2015-07-04 12:13:15,FALSE,NA,"617305168791642112",NA,"<a href=""http://ifttt.com"" rel=""nofollow"">IFTTT</a>","Reofji__Toidju",0,FALSE,FALSE,NA,NA
"197","EARSON Outdoor Waterproof Shockproof Wireless Bluetooth Speaker For ipod iphone - Full rea‚Ä¶ http://t.co/foNqZOztEJ http://t.co/ZYFK7QCz19",FALSE,0,NA,2015-07-04 12:13:15,FALSE,NA,"617305167885660160",NA,"<a href=""http://ifttt.com"" rel=""nofollow"">IFTTT</a>","Yionxu__Yoaspa",0,FALSE,FALSE,NA,NA
"198","Double USB Port Micro Car Charger 4 IPhone 6 5G 5 4S Galaxy S4 S5 NOTE 4 1A 2.1A http://t.co/2QKBIhSNHK http://t.co/nJQDIvomME",FALSE,0,NA,2015-07-04 12:13:15,FALSE,NA,"617305167130591232",NA,"<a href=""http://ifttt.com"" rel=""nofollow"">IFTTT</a>","everardoalarco5",0,FALSE,FALSE,NA,NA
"199","RT @TeensProAdvice: iPhone 7 Ì†ΩÌ∏± http://t.co/prnxRfaoAc",FALSE,0,NA,2015-07-04 12:13:15,FALSE,NA,"617305165176049665",NA,"<a href=""http://twitter.com/download/android"" rel=""nofollow"">Twitter for Android</a>","____vindicated",11211,TRUE,FALSE,NA,NA
"200","I'm earning #mPOINTS in http://t.co/PQnVPyp1nd for iPhone. http://t.co/YCiKIEMAq4 @dictionarycom",FALSE,0,NA,2015-07-04 12:13:14,FALSE,NA,"617305162697342976",NA,"<a href=""http://www.getmpoints.com"" rel=""nofollow"">mPOINTS Mobile Rewards</a>","bcfishjedi",0,FALSE,FALSE,NA,NA
